ts,cash,holdings_value,nav,pnl_rs,pnl_pct,day_chg_rs
2026-09-30T09:30:00+05:30,409.54,99750.15,100159.69,159.69,0.0016,277.8
2026-09-30T09:45:00+05:30,409.54,99582.05,99991.59,-8.41,-8e-05,109.7
2026-09-30T10:00:00+05:30,409.54,99583.6,99993.14,-6.86,-7e-05,111.25
2026-09-30T10:15:00+05:30,409.54,99696.75,100106.29,106.29,0.00106,224.4
2026-09-30T10:30:00+05:30,409.54,99731.2,100140.74,140.74,0.00141,258.85
2026-09-30T10:45:00+05:30,409.54,99450.75,99860.29,-139.71,-0.0014,-21.6
2026-09-30T11:00:00+05:30,409.54,99411.85,99821.39,-178.61,-0.00179,-60.5
2026-09-30T11:15:00+05:30,409.54,99364.3,99773.84,-226.16,-0.00226,-108.05
2026-09-30T11:30:00+05:30,409.54,99380.25,99789.79,-210.21,-0.0021,-92.1
2026-09-30T11:45:00+05:30,409.54,99452.45,99861.99,-138.01,-0.00138,-19.9
2026-09-30T12:00:00+05:30,409.54,99569.75,99979.29,-20.71,-0.00021,97.4
2026-09-30T12:15:00+05:30,409.54,99558.85,99968.39,-31.61,-0.00032,86.5
2026-09-30T12:30:00+05:30,409.54,99634.9,100044.44,44.44,0.00044,162.55
2026-09-30T12:45:00+05:30,409.54,99715.05,100124.59,124.59,0.00125,242.7
2026-09-30T13:00:00+05:30,409.54,99783.9,100193.44,193.44,0.00193,311.55
2026-09-30T13:15:00+05:30,409.54,99775.25,100184.79,184.79,0.00185,302.9
2026-09-30T13:30:00+05:30,409.54,99722.65,100132.19,132.19,0.00132,250.3
2026-09-30T13:45:00+05:30,409.54,99523.25,99932.79,-67.21,-0.00067,50.9
2026-09-30T14:00:00+05:30,409.54,99533.5,99943.04,-56.96,-0.00057,61.15
2026-09-30T14:15:00+05:30,409.54,99446.4,99855.94,-144.06,-0.00144,-25.95
2026-09-30T14:30:00+05:30,409.54,99154.7,99564.24,-435.76,-0.00436,-317.65
2026-09-30T14:45:00+05:30,409.54,99046.45,99455.99,-544.01,-0.00544,-425.9
2026-09-30T15:00:00+05:30,409.54,99129.1,99538.64,-461.36,-0.00461,-343.25
2026-09-30T15:15:00+05:30,409.54,99025.5,99435.04,-564.96,-0.00565,-446.85
2026-09-30T15:30:00+05:30,409.54,99144.15,99553.69,-446.31,-0.00446,-328.2
2026-09-30T15:35:00+05:30,409.54,99154.25,99563.79,-436.21,-0.00436,-318.1
2026-09-30T15:45:00+05:30,409.54,99154.25,99563.79,-436.21,-0.00436,-318.1
